Company,Contact,Country,Price,Item
Sleek Styles,+10146596625,Belgium,69164₽,concept
Trendy Threads,+2729076680,Bangladesh,84702₽,assumption
Sophisticated Sewing,+72272953829,Austria,67486₽,basket
Dapper Designs,+32324981030,Tonga,85551₽,drama
Smart Styles,+79299430062,Belgium,57699₽,indication
Crisp Creations,+4051826341,Antigua and Barbuda,12127₽,payment
Refined Rags,+45260436087,San Marino,67229₽,steak
Body Bliss,+84879068750,Czech Republic,84241₽,perception
Classy Chic,+49863896604,Monaco,71000₽,explanation
Makeup Maven,+80318486551,Romania,18765₽,employment
Posh Patterns,+24259688933,Bulgaria,55578₽,mixture
Haute Hues,+51644743587,Burkina Faso,14408₽,mixture
Refined Rags,+36746002399,Taiwan,19945₽,fishing
Clipper Cuts,+58405348669,Equatorial Guinea,85897₽,republic
Smart Styles,+26172656544,Vatican City (Holy See),53833₽,steak
Makeup Maven,+91543615221,Niger,34341₽,library
Body Bliss,+88113753028,Chad,36613₽,wood
Refined Rags,+9277771109,India,98889₽,breath
Brow Boosters,+2149954441,Palau,24652₽,midnight
Modish Mannequins,+23649852084,Afghanistan,75577₽,dealer
Smart Styles,+97617571439,Burundi,69515₽,cigarette
Wellness World,+9893535987,Macedonia,57824₽,contract
Classy Chic,+60702782722,Singapore,47165₽,newspaper
Classy Chic,+89153464815,Guinea-Bissau,90660₽,wood
Lash Lounge,+86329089153,Montenegro,13942₽,office
Haute Hues,+99304255102,Kosovo,38000₽,proposal
Glamour Galore,+46561982372,Monaco,22575₽,perception
Classy Chic,+92262322924,Antigua and Barbuda,30083₽,development
Elegant Ensembles,+88190736832,Kazakhstan,14508₽,administration
Fashion Fusion,+0233662863,Bangladesh,52837₽,map
Haute Hues,+77158591483,Benin,43741₽,signature
Lash Lounge,+11886454233,Turkmenistan,39900₽,library
Dapper Designs,+12899092430,Sao Tome and Principe,66238₽,employment
Trendy Threads,+26898533482,Kiribati,23255₽,cell
Nail Nook,+25607395597,Comoros,31796₽,cookie
Dapper Designs,+42211235206,Uzbekistan,39600₽,departure
Fashion Fusion,+2203553354,Jamaica,35170₽,truth
Trendy Threads,+70594595988,Greece,26691₽,midnight
Salon Suites,+37750756134,Poland,18627₽,addition
Modish Mannequins,+8146691278,Kazakhstan,41557₽,user
Modern Maven,+82369913425,Kyrgyzstan,23172₽,description
Classy Chic,+93765136859,Venezuela,40015₽,drama
Sleek Styles,+18891947159,Montenegro,17067₽,user
Stellar Stitches,+8392572441,Malta,29189₽,sample
Elegant Ensembles,+18836891343,El Salvador,63812₽,revolution
Fashion Fusion,+29746907575,Central African Republic,26416₽,secretary
Fine Fabrics,+64263336084,United States of America,12073₽,selection
Haute Hues,+91580199657,Ghana,92112₽,emphasis
Posh Patterns,+22487874346,Netherlands,10609₽,cell
Elegant Ensembles,+68620960411,Vatican City (Holy See),45681₽,concept
Classy Chic,+96139927253,The Gambia,49703₽,pie
Fashion Fusion,+4866322712,Laos,79393₽,emphasis
Salon Suites,+99850258879,Honduras,80092₽,refrigerator
Stellar Stitches,+38288452381,Kosovo,90042₽,preparation
Nail Nook,+39520814413,Kiribati,43322₽,steak
Trendy Threads,+85544340013,Kosovo,13112₽,tennis
Fashion Forward,+30657610661,Comoros,91328₽,signature
Salon Suites,+77894749658,Singapore,88770₽,newspaper
Stylish Silhouettes,+77429404822,Equatorial Guinea,41757₽,departure
Nail Nook,+0343848985,Serbia,28621₽,agreement
Stylish Silhouettes,+93871905755,Kosovo,31892₽,perception
Dapper Designs,+9914135301,Pakistan,22410₽,signature
Fashion Fusion,+85443254755,Saint Kitts and Nevis,60404₽,perception
Stellar Stitches,+39346170207,Montenegro,86613₽,refrigerator
Fashion Fusion,+97467361519,Norway,14667₽,love
Lash Lounge,+7519704166,Djibouti,60896₽,oven
Sleek Styles,+37823403681,Portugal,76676₽,fishing
Sleek Styles,+60649273263,Taiwan,15163₽,maintenance
Brow Boosters,+99480091295,Netherlands,22636₽,explanation
Sleek Styles,+12556126611,Croatia,17621₽,development
Lash Lounge,+78703459581,Antigua and Barbuda,40487₽,proposal
Brow Boosters,+84614523916,San Marino,30500₽,hair
Stellar Stitches,+17367628055,Nepal,73939₽,classroom
Nail Nook,+26791331640,Vanuatu,81476₽,fishing
Trendy Threads,+65619529367,Sudan,15013₽,language
Modish Mannequins,+38335084373,Indonesia,28535₽,tennis
Urban Upmarket,+45779879255,Maldives,75985₽,pizza
Classy Chic,+1954458021,Myanmar (Burma),93911₽,injury
Nail Nook,+86745302866,France,24325₽,library
Nail Nook,+91718443778,Madagascar,38529₽,emphasis
Modish Mannequins,+4476318279,Sudan,92375₽,perception
Trendsetting Tailors,+19559111108,Cambodia,26687₽,user
Nail Nook,+19765285352,Singapore,30411₽,definition
Body Bliss,+5817225962,Cambodia,92586₽,nature
Refined Rags,+94635398261,Namibia,96165₽,secretary
Skin Studio,+60308273166,India,61943₽,newspaper
Sleek Styles,+25756966820,Qatar,67187₽,truth
Smart Styles,+81718244847,Uruguay,68014₽,breath
Chic Boutique,+14120792113,Australia,88250₽,emphasis
Crisp Creations,+30108454881,Switzerland,43997₽,basket
Classy Chic,+7444765107,Cote d'Ivoire,78194₽,employee
